{"detector_size": 2048,
  "dispersion": {"1": [-8.931999648489839e-12, 8.942981638322747e-09, -7.903679310652474e-06, 0.011193339054544641],
  "2": [7.300534480349997e-15, -2.7442924476856135e-11, 4.121928201116557e-08, -3.092278303299692e-05, 0.01158099991555279, -1.7178726095029366]},
  "offset": {"1": [2.0096167727359486e-05, 0.36008267160052776], "2": [0.0013903667387678963, -0.6468428347984277]},
  "pixel_size": 13.5e-6,
  "detector_shape": [2048, 512],
  "k_space": [0.01, 0.25, 0.1, 0.1, 0.2],
  "real_space": [0.01, 0.25, 0.1, 0.2]
}