{
  "detector_size": 1340,
  "dispersion": {"1": [-1.38343e-05, 2.0021e-02], "2": [-9.04865e-06, 2.53741e-02]},
  "offset": {"2": 0.18}
}
