{"detector_size": 1340,
 "dispersion": {"1": [3.9877079420981135e-15,
   -1.5420335022403747e-11,
   2.3649922481499484e-08,
   -1.800151460787916e-05,
   0.006794416222633288,
   -1.0038313902787799],
  "2": [1.0354632276248114e-17,
   -1.4355799864691416e-14,
   -1.1349703784278321e-11,
   2.8124246670409425e-09,
   1.9068384198536115e-05,
   0.03297618039040909]},
 "offset": {"1": [0.0005571924956733457, 0.2539958677029668],
  "2": [0.0006365536112823273, 0.6201517838520021]},
  "pixel_size": 20e-6,
  "detector_shape": [1340, 400],
  "k_space": [0.004, 0.25, 0.15, 0.075, 0.15],
  "real_space": [0.004, 0.25, 0.15, 0.15]
}