{
  "detector_size": 2048,
  "dispersion": {"1": [-8.9544e-9, 4.52837e-6, 0.00883324], "2": [3.41322e-9, -7.30891e-6, 0.0319164]},
  "offset": {"1": [-0.000285006, 0.247236], "2": [-1.80224e-7, 0.000397317, -0.289981, 70.4248]}
}
